chapter,verse,en,ar
1,1,"And these are the words of the book, which Baruch the son of Nerias, the son of Maasias, the son of Sedecias, the son of Sedei, the son of Helcias, wrote in Babylonia.",هذَا كَلاَمُ الْكِتَابِ الَّذِي كَتَبَهُ بَارُوخُ بْنُ نِيرِيَّا بْنِ مَعَسْيَا بْنِ صِدْقِيَّا بْنِ حَسَدْيَا ابْنِ حِلْقِيَّا فِي بَابِلَ.
1,2,"In the fifth year, in the seventh day of the month, at the time that the Chaldeans took Jerusalem, and burnt it with fire.",فِي السَّنَةِ الْخَامِسَةِ فِي السَّابِعِ مِنَ الشَّهْرِ حِينَ أَخَذَ الْكَلْدَانِيُّونَ أُورُشَلِيمَ وَأَحْرَقُوهَا بِالنَّارِ
1,3,"And Baruch read the words of this book in the hearing of Jechonias the son of Joakim king of Juda, and in the hearing of all the people that came to hear the book.",وَتَلاَ بَارُوخُ كَلاَمَ هذَا الْكِتَابِ عَلَى مِسْمَعَيْ يَكُنْيَا بْنِ يُويَاقِيمَ مَلِكِ يَهُوذَا وَعَلَى مَسَامِعِ جَمِيعِ الشَّعْبِ الَّذِينَ جَاءُوا لاِسْتِمَاعِ الْكِتَابِ
1,4,"And in the hearing of the nobles, the sons of the kings, and in the hearing of the ancients, and in the hearing of the people, from the least even to the greatest of them that dwelt in Babylonia, by the river Sedi.",وَعَلَى مَسَامِعِ الْمُقْتَدِرِينَ وَبَنِي الْمُلُوكِ وَمَسَامِعِ الشُّيُوخِ وَمَسَامِعِ جَمِيعِ الشَّعْبِ مِنَ الصِّغَارِ إِلَى الْكِبَارِ جَمِيعِ السَّاكِنِينَ فِي بَابِلَ عَلَى نَهْرِ سُودٍ.
1,5,"And when they heard it they wept, and fasted, and prayed before the Lord.",فَبَكَوْا وَصَامُوا وَصَلَّوْا أَمَامَ الرَّبِّ
1,6,"And they made a collection of money, according to every man's power.",وَجَمَعُوا مِنَ الْفِضَّةِ قَدْرَ مَا اسْتَطَاعَتْ يَدُ كُلِّ وَاحِدٍ
1,7,"And they sent it to Jerusulem to Joakim the priest, the son of Helcias, the son of Salom, and to the priests, and to all the people, that were found with him in Jerusalem:",وَبَعَثُوا إِلَى أُورُشَلِيمَ إِلَى يُويَاقِيمَ بْنِ حِلْقِيَّا بْنِ شَلُّومَ الْكَاهِنِ وَإِلَى الْكَهَنَةِ وَإِلَى جَمِيعِ الشَّعْبِ الَّذِينَ مَعَهُ فِي أُورُشَلِيمَ
1,8,"At the time when he received the vessels of the temple of the Lord, which had been taken away out of the temple, to return them into the land of Juda the tenth day of the month Sivan, the silver vessels, which Sedecias the son of Josias king of Juda had made,",عِنْدَمَا أَخَذَ آنِيَةَ بَيْتِ الرَّبِّ الْمَسْلُوبَةَ مِنَ الْهَيْكَلِ لِيَرُدَّهَا إِلَى أَرْضِ يَهُوذَا فِي الْعَاشِرِ مِنْ سِيوَانَ وَهِيَ آنِيَةُ الْفِضَّةِ الَّتِي صَنَعَهَا صِدْقِيَّا بْنُ يُوشِيَّا مَلِكُ يَهُوذَا
1,9,"After that Nabuchodonosor the king of Babylon had carried away Jechonias, and the princes, and all the powerful men, and the people of the land from Jerusalem, and brought them bound to Babylon.",بَعْدَمَا أَجْلَى نَبُوخَذْنَصَّرُ مَلِكُ بَابِلَ يَكُنْيَا وَالرُّؤَسَاءَ وَالْمُحَصِّنِينَ وَالْمُقْتَدِرِينَ وَشَعْبَ الأَرْض مِنْ أُورُشَلِيمَ وَذَهَب بِهِمْ إِلَى بَابِلَ
1,10,"And they said: Behold we have sent you money, buy with it holocausts, and frankincense, and make meat offerings, and offerings for sin at the altar of the Lord our God:",وَقَالُوا إِنَّا قَدْ أَرْسَلْنَا إِلَيْكُمْ فِضَّةً فَابْتَاعُوا بِالْفِضَّةِ مُحْرَقَاتٍ وَذَبَائِحَ لِلْخَطِيَّةِ وَلُبَاناً وَاصْنَعُوا تَقَادِمَ وَقَدِّمُوهَا عَلَى مَذْبَحِ الرَّبِّ إِلهِنَا.
1,11,"And pray ye for the life of Nabuchodonosor the king of Babylon, and for the life of Balthasar his son, that their days may be upon earth as the days of heaven:",وَصَلُّوا مِنْ أَجْلِ حَيَاةِ نَبُوكَدْنَصَّرَ مَلِكِ بَابِلَ وَحَيَاةِ بَلْشَصَّرَ ابْنِهِ لِكَيْ تَكُونَ أَيَّامُهُمَا كَأَيَّامِ السَّمَاءِ عَلَى الأَرْضِ
1,12,"And that the Lord may give us strength, and enlighten our eyes, that we may live under the shadow of Nabuchodonosor the king of Babylon, and under the shadow of Balthasar his son, and may serve them many days, and may find favour in their sight.",فَيُؤْتِيَنَا الرَّبُّ قُوَّةً وَيُنِيرَ عُيُونَنَا وَنَحْيَا تَحْتَ ظِلِّ نَبُوكَدْنَصَّرَ مَلِكِ بَابِلَ وَظِلِّ بَلْشَصَّرَ ابْنِهِ وَنَتَعَبَّدَ لَهُمَا أَيَّاماً كَثِيرَةً وَنَحْنُ نَائِلُونَ لَدَيْهِمَا حُظْوَةً
1,13,"And pray ye for us to the Lord our God: for we have sinned against the Lord our God, and his wrath is not turned away from us even to this day.",وَصَلُّوا مِنْ أَجْلِنَا إِلَى الرَّبِّ إِلهِنَا فَإِنَّا قَدْ خَطِئْنَا إِلَى الرَّبِّ إِلهِنَا وَلَمْ يَرْتَدَّ سُخْطُ الرَّبِّ وَغَضَبُهُ عَنَّا إِلَى هذَا الْيَوْمِ.
1,14,"And read ye this book, which we have sent to you to be read in the temple of the Lord, on feasts, and proper days.",وَاتْلُوا هذَا الْكِتَابَ الَّذِي أَرْسَلْنَاهُ إِلَيْكُمْ لِيُنَادَى بِهِ فِي بَيْتِ الرَّبِّ فِي يَوْمِ الْعِيدِ وَفِي أَيَّامِ الْمَحْفِلِ
1,15,"And you shall say: To the Lord our God belongeth justice, but to us confusion of our face: as it is come to pass at this day to all Juda, and to the inhabitants of Jerusalem,",وَقُولُوا لِلرَّبِّ إِلهِنَا الْعَدْلُ وَلَنَا خِزْيُ الْوُجُوهِ كَمَا فِي هذَا الْيَوْمِ لِرِجَالِ يَهُوذَا وَسُكَّانِ أُورُشَلِيمَ
1,16,"To our kings, and to our princes, and to our priests, and to our prophets, and to our fathers.",وَلِمُلُوكِنَا وَرُؤَسَائِنَا وَكَهَنَتِنَا وَأَنْبِيَائِنَا وَآبَائِنَا
1,17,"We have sinned before the Lord our God, and have not believed him, nor put our trust in him:",لأَنَّا خَطِئْنَا أَمَامَ الرَّبِّ وَعَصَيْنَاهُ
1,18,"And we were not obedient to him, and we have not harkened to the voice of the Lord our God, to walk in his commandments, which he hath given us.",وَلَمْ نَسْمَعْ لِصَوْتِ الرَّبِّ إِلهِنَا لِنَسْلُكَ فِي أَوَامِرِ الرَّبِّ الَّتِي جَعَلَهَا أَمَامَ وُجُوهِنَا.
1,19,"From the day that he brought our fathers out of the land of Egypt, even to this day, we were disobedient to the Lord our God: and going astray we turned away from hearing his voice.",مِنْ يَوْمَ أَخْرَجَ الرَّبُّ آبَاءَنَا مِنْ أَرْضِ مِصْرَ إِلَى هذَا الْيَوْمِ مَا زِلْنَا نُعَاصِي الرَّبَّ إِلهَنَا وَنُعْرِضُ عَنِ اسْتِمَاعِ صَوْتِهِ
1,20,"And many evils have cleaved to us, and the curses which the Lord foretold by Moses his servant: who brought our fathers out of the land of Egypt, to give us a land flowing with milk and honey, as at this day.",فَلَحِقَ بِنَا الشَّرُّ وَاللَّعْنَةُ اللَّذَانِ أَمَرَ الرَّبُّ مُوسَى عَبْدَهُ أَنْ يُوعِدَ بِهِمَا يَوْمَ أَخْرَجَ آبَاءَنَا مِنْ أَرْضِ مِصْرَ لِيُعْطِيَنَا أَرْضاً تَدُرُّ لَبَناً وَعَسَلاً كَمَا فِي هذَا الْيَوْمِ.
1,21,And we have not hearkened to the voice of the Lord our God according to all the words of the prophets whom he sent to us:,فَلَمْ نَسْمَعْ لِصَوْتِ الرَّبِّ إِلهِنَا وَلاَ لِجَمِيعِ كَلاَمِ الأَنْبِيَاءِ الَّذِينَ أَرْسَلَهُمْ إِلَيْنَا
1,22,"And we have gone away every man after the inclinations of his own wicked heart, to serve strange gods, and to do evil in the sight of the Lord our God. Chapter2",وَمَضَيْنَا كُلُّ وَاحِدٍ عَلَى إِصْرَارِ قَلْبِهِ الشِّرِّيرِ عَابِدِينَ آلِهَةً أُخَرَ صَانِعِينَ الشَّرَّ أَمَامَ عَيْنَيِ الرَّبِّ إِلهِنَا.
2,1,"Wherefore the Lord our God hath made good his word, that he spoke to us, and to our judges that have judged Israel, and to our kings, and to our princes, and to all Israel and Juda:",فَأَقَامَ الرَّبُّ كَلاَمَهُ الَّذِي تَكَلَّمَ بِهِ عَلَيْنَا وَعَلَى قُضَاتِنَا الَّذِينَ يَقْضُونَ فِي إِسْرَائِيلَ وَعَلَى مُلُوكِنَا وَرُؤَسَائِنَا وَعَلَى رِجَالِ إِسْرَائِيلَ وَيَهُوذَا
2,2,"That the Lord would bring upon us great evils, such as never happened under heaven, as they have come to pass in Jerusalem, according to the things that are written in the law of Moses:",جَالِباً عَلَيْنَا شَرًّا عَظِيماً بِحَيْثُ لَمْ يَحْدُثْ تَحْتَ السَّمَاءِ بِأَسْرِهَا مِثْلُ مَا أَحْدَثَهُ فِي أُورُشَلِيمَ عَلَى حَسَبِ مَا كُتِبَ فِي شَرِيعَةِ مُوسَى
2,3,"That a man should eat the flesh of his own son, and the flesh of his own daughter.",حَتَّى أَكَلَ بَعْضُنَا لَحْمَ ابْنِهِ وَالآخَرُ لَحْمَ بِنْتِهِ.
2,4,"And he hath delivered them up to be under the hand of all the kings that are round about us, to be a reproach, and desolation among all the people, among whom the Lord hath scattered us.",وَأَخْضَعَهُمْ تَحْتَ أَيْدِي جَمِيعِ الْمَمَالِكِ الَّتِي حوْلَنَا وَجَعَلَهُمْ عَاراً وَدَهَشاً فِي جَمِيعِ الشُّعُوبِ الَّذِينَ شَتَّتَهُمُ الرَّبُّ بَيْنَهُمْ
2,5,"And we are brought under, and are not uppermost: because we have sinned against the Lord our God, by not obeying his voice.",فَإِذَا هُمْ فِي الاِنْحِطَاطِ بَدَلَ الرِّفْعَةِ لأَنَّا خَطِئْنَا إِلَى الرَّبِّ إِلهِنَا غَيْرَ سَامِعِينَ لِصَوْتِهِ.
2,6,"To the Lord our God belongeth justice: but to us, and to our fathers confusion of face, as at this day.",لِلرَّبِّ إِلهِنَا الْعَدْلُ وَلَنَا وَلآبَائِنَا خِزْيُ الْوُجُوهِ كَمَا فِي هذَا الْيَوْمِ
2,7,For the Lord hath pronounced against us all these evils that are come upon us:,لأَنَّ الرَّبَّ تَكَلَّمَ عَلَيْنَا بِجَمِيعِ هذَا الشَّرِّ الَّذِي حَلَّ بِنَا
2,8,"And we have not entreated the face of the Lord our God, that we might return every one of us from our most wicked ways.",وَنَحْنُ لَمْ نَسْتَعْطِفْ وَجْهَ الرَّبِّ تَائِبِينَ كُلُّ وَاحِدٍ عَنْ أَفْكَارِ قَلْبِهِ الشِّرِّيرِ.
2,9,"And the Lord hath watched over us for evil, and hath brought it upon us: for the Lord is just in all his works which he hath commanded us:",فَسَهِرَ الرَّبُّ عَلَى الشَّرِّ وَجَلَبَهُ الرَّبُّ عَلَيْنَا لأَنَّ الرَّبَّ عَادِلٌ فِي جَمِيعِ أَعْمَالِهِ الَّتِي أَوْصَانَا بِهَا
2,10,And we have not hearkened to his voice to walk in the commandments of the Lord which he hath set before us.,فَلَمْ نَسْمَعْ لِصَوْتِهِ لِنَسْلُكَ فِي أَوَامِرِ الرَّبِّ الَّتِي جَعَلَهَا أَمَامَ وُجُوهِنَا.
2,11,"And now, O Lord God of Israel, who hast brought thy people out of the land of Egypt with a strong hand, and with signs, and with wonders, and with thy great power, and with a mighty arm, and hast made thee a name as at this day,",فَالآنَ أَيُّهَا الرَّبُّ إِلهُ إِسْرَائِيلَ الَّذِي أَخْرَجَ شَعْبَهُ مِنْ أَرْضِ مِصْرَ بِيَدٍ قَدِيرَةٍ وَبِآيَاتٍ وَمُعْجِزَاتٍ وَقُوَّةٍ عَظِيمَةٍ وَذِرَاعٍ مَبْسُوطَةٍ وَأَقَامَ لَهُ اسْماً كَمَا فِي هذَا الْيَوْمِ.
2,12,"We have sinned, we have done wickedly, we have acted unjustly, O Lord our God, against all thy justices.",إِنَّا خَطِئْنَا وَنَافَقْنَا وَأَثِمْنَا أَيُّهَا الرَّبُّ إِلهُنَا فِي جَمِيعِ رُسُومِكَ
2,13,Let thy wrath be turned away from us: for we are left a few among the nations where thou hast scattered us.,لِيَنْصَرِفْ غَضَبُكَ عَنَّا فَقَدْ بَقِينَا نَفَراً قَلِيلاً فِي الأُمَمِ الَّذِينَ شَتَّتَّنَا بَيْنَهُمْ.
2,14,"Hear, O Lord, our prayers, and our petitions, and deliver us for thy own sake: and grant that we may find favour in the sight of them that have led us away:",اسْمَعْ يَا رَبُّ صَلاَتَنَا وَتَضَرُّعَنَا وَأَنْقِذْنَا لأَجْلِكَ وَأَنِلْنَا حُظْوَةً أَمَامَ وُجُوهِ الَّذِينَ أَجْلَوْنَا
2,15,"That all the earth may know that thou art the Lord our God, and that thy name is called upon Israel, and upon his posterity.",لِكَيْ تَعْرِفَ الأَرْضُ بِأَسْرِهَا أَنَّكَ أَنْتَ الرَّبُّ إِلهُنَا وَأَنَّهُ بِاسْمِكَ دُعِيَ إِسْرَائِيلُ وَعَشَائِرُهُ.
2,16,"Look down upon us, O Lord, from thy holy house, and incline thy ear, and hear us.",أَيُّهَا الرَّبُّ اِلْتَفِتْ مِنْ بَيْتِ قُدْسِكَ وَانْظُرْ إِلَيْنَا وَأَمِلْ أَيُّهَا الرَّبُّ أُذُنَكَ وَاسْتَجِبْ.
2,17,"Open thy eyes, and behold: for the dead that are in hell, whose spirit is taken away from their bowels, shall not give glory and justice to the Lord:",افْتَحْ عَيْنَيْكَ وَانْظُرْ فَإِنَّهُ لَيْسَ الأَمْوَاتُ فِي الْجَحِيمِ الَّذِينَ أُخِذَتْ أَرْوَاحُهُمْ عَنْ أَحْشَائِهِمْ يَعْتَرِفُونَ لِلرَّبِّ بِالْمَجْدِ وَالْعَدْلِ
2,18,"But the soul that is sorrowful for the greatness of evil she hath done, and goeth bowed down, and feeble, and the eyes that fail, and the hungry soul giveth glory and justice to thee the Lord.",لكِنَّ الرُّوحَ الْكَئِيبَ مِنَ الشِّدَّةِ وَالَّذِي يَمْشِي مُنْحَنِياً ضَعِيفاً وَالْعُيُونَ الْكَلِيلَةَ وَالنَّفْسَ الْجَائِعَةَ هُمْ يَعْتَرِفُونَ لَكَ بِالْمَجْدِ وَالْعَدْلِ يَا رَبُّ.
2,19,"For it is not for the justices of our fathers that we pour out our prayers, and beg mercy in thy sight, O Lord our God:",فَإِنَّا لاَ لأَجْلِ بِرِّ آبَائِنَا وَمُلُوكِنَا نُلْقِي تَضَرُّعَنَا أَمَامَكَ أَيُّهَا الرَّبُّ إِلهُنَا
2,20,"But because thou hast sent out thy wrath, and thy indignation upon us, as thou hast spoken by the hand of thy servants the prophets, saying:",بَلْ لأَنَّكَ أَرْسَلْتَ سُخْطَكَ وَغَضَبَكَ عَلَيْنَا كَمَا تَكَلَّمْتَ عَلَى أَلْسِنَةِ عَبِيدِكَ الأَنْبِيَاءِ.
2,21,"Thus saith the Lord: Bow down your shoulder, and your neck, and serve the king of Babylon: and you shall remain in the land which I have given to your fathers.",هكَذَا قَالَ الرَّبُّ احْنُوا مَنَاكِبَكُمْ وَتَعَبَّدُوا لِمَلِكِ بَابِلَ فَتَسْكُنُوا فِي الأَرْضِ الَّتِي أَعْطَيْتُهَا لآبَائِكُمْ
2,22,"But if you will not hearken to the voice of the Lord your God, to serve the king of Babylon: I will cause you to depart out of the cities of Juda, and from without Jerusalem.",وَإِنْ لَمْ تَسْمَعُوا لِصَوْتِ الرَّبِّ بِأَنْ تَتَعَبَّدُوا لِمَلِكِ بَابِلَ
2,23,"And I will take away from you the voice of mirth, and the voice of joy, and the voice of the bridegroom, and the voice of the bride, and all the land shall be without any footstep of inhabitants.",فَإِنِّي أُبْطِلُ مِنْ مُدُنِ يَهُوذَا وَمنْ شَوَارِعِ أُورُشَلِيمَ صَوْتَ الطَّرَبِ وَصَوْتَ الْفَرَحِ صَوْتَ الْعَرُوسِ وَصَوْتَ الْعَرُوسَةِ وَتَكُونُ كُلُّ الأَرْضِ مُسْتَوْحِشَةً لاَ سَاكِنَ فِيهَا
2,24,"And they hearkened not to thy voice, to serve the king of Babylon: and thou hast made good thy words, which thou spokest by the hands of thy servants the prophets, that the bones of our kings, and the bones of our fathers should be removed out of their place:",فَلَمْ نَسْمَعْ لِصَوْتِكَ بِأَنْ نَتَعَبَّدَ لِمَلِكِ بَابِلَ فَأَقَمْتَ كَلاَمَكَ الَّذِي تَكَلَّمْتَ بِهِ عَلَى أَلْسِنَةِ عَبِيدِكَ الأَنْبِيَاءِ أَن تُخْرَجَ عِظَامُ مُلُوكِنَا وَعِظَامُ آبَائِنَا مِنْ مَوَاضِعِهَا
2,25,"And behold they are cast out to the heat of the sun, and to the frost of the night: and they have died in grievous pains, by famine, and by the sword, and in banishment.",وَهَا إِنَّهَا مَطْرُوحَةٌ لِحَرِّ النَّهَارِ وَقَرْسِ اللَّيْلِ وَقَدْ مَاتُوا فِي أَوْجَاعٍ أَلِيمَةٍ بِالْجُوعِ وَالسَّيْفِ وَالطَّرْدِ.
2,26,"And thou hast made the temple, in which thy name was called upon, as it is at this day, for the iniquity of the house of Israel, and the house of Juda.",وَجَعَلْتَ الْبَيْتَ الَّذِي دُعِيَ بِاسْمِكَ كَمَا فِي هذَا الْيَوْمِ لأَجْلِ شَرِّ آلِ إِسْرَائِيلَ وَآلِ يَهُوذَا.
2,27,"And thou hast dealt with us, O Lord our God, according to all thy goodness, and according to all that great mercy of thine:",وَقَدْ عَامَلْتَنَا أَيُّهَا الرَّبُّ إِلهُنَا بِكُلِّ رَأْفَتِكَ وَكُلِّ رَحْمَتِكَ الْعَظِيمَةِ
2,28,"As thou spokest by the hand of thy servant Moses, in the day when thou didst command him to write thy law before the children of Israel,",كَمَا تَكَلَّمْتَ عَلَى لِسَانِ عَبْدِكَ مُوسَى يَوْمَ أَمَرْتَهُ أَنْ يَكْتُبَ شَرِيعَتَكَ أَمَامَ بَنِي إِسْرَائِيلَ قَائِلاً:
2,29,"Saying: If you will not hear my voice, this great multitude shall be turned into a very small number among the nations, where I will scatter them:",إِنْ لَمْ تَسْمَعُوا لِصَوْتِي فَإِنَّ هذَا الْجَمْعَ الْعَظِيمَ الْكَثِيرَ لَيَصِيرَنَّ نَفَراً قَلِيلاً فِي الأُمَمِ الَّذِينَ أُشَتِّتُهُمْ بَيْنَهُمْ.
2,30,"For I know that the people will not hear me, for they are a people of a stiff neck: but they shall turn to their heart in the land of their captivity:",فَإِنِّي عَالِمٌ بَأَنَّهُمْ لاَ يَسْمَعُونَ لِي لأَنَّهُمْ شَعْبٌ قُسَاةُ الرِّقَابِ لكِنَّهُمْ سَيَرْجِعُونَ إِلَى قُلُوبِهِمْ فِي أَرْضِ جَلاَئِهِمْ
2,31,"And they shall know that I am the Lord their God: and I will give them a heart, and they shall understand: and ears, and they shall hear.",وَيَعْلَمُونَ أَنِّي أَنَا الرَّبُّ إِلهُهُمْ، وَأُعْطِيهِمْ قُلُوباً وَآذَاناً سَامِعَةً
2,32,"And they shall praise me in the land of their captivity, and shall be mindful of my name.",فَيُسَبِّحُونَنِي فِي أَرْضِ جَلاَئِهِمْ وَيَذْكُرُونَ اسْمِي
2,33,"And they shall turn away themselves from their stiff neck, and from their wicked deeds: for they shall remember the way of their fathers, that sinned against me.",وَيَتُوبُونَ عَنْ صَلاَبَةِ رِقَابِهِمْ وَعَنْ شَرِّ أَعْمَالِهِمْ لأَنَّهُمْ يَتَذَكَّرُونَ طَرِيقَ آبَائِهِمِ الَّذِينَ خَطِئُوا أَمَامَ الرَّبِّ
2,34,"And I will bring them back again into the land which I promised with an oath to their fathers, Abraham, Isaac, and Jacob, and they shall be masters thereof: and I will multiply them, and they shall not be diminished.",وَأُعِيدُهُمْ إِلَى الأَرْضِ الَّتِي حَلَفْتُ عَلَيْهَا لآبَائِهِمْ إِبْرَاهِيمَ وَإِسْحَاقَ وَيَعْقُوبَ فَيَتَسَلَّطُونَ عَلَيْهَا وَأُكَثِّرُهُمْ فَلاَ يَقِلُّونَ
2,35,"And I will make with them another covenant that shall be everlasting, to be their God, and they shall be my people: and I will no more remove my people, the children of Israel, out of the land that I have given them.",وَأُقِيمُ لَهُمْ عَهْداً أَبَدِيًّا فَأَكُونُ لَهُمْ إِلهاً وَيَكُونُونَ لِي شَعْباً وَلاَ أَعُودُ أُزَعْزِعُ شَعْبِي إِسْرَائِيلَ مِنَ الأَرْضِ الَّتِي أَعْطَيْتُهَا لَهُمْ».
3,1,"And now, O Lord Almighty, the God of Israel, the soul in anguish, and the troubled spirit crieth to thee:",أَيُّهَا الرَّبُّ الْقَدِيرُ إِلهُ إِسْرَائِيلَ قَدْ صَرَخَتْ إِلَيْكَ النَّفْسُ فِي الْمَضَايِقِ وَالرُّوحُ فِي الْكُرُوبِ.
3,2,"Hear, O Lord, and have mercy, for thou art a merciful God, and have pity on us: for we have sinned before thee.",فَاسْمَعْ يَا رَبُّ وَارْحَمْ فَإِنَّكَ إِلهٌ رَحِيمٌ، ارْحَمْ فَإِنَّا قَدْ خَطِئْنَا إِلَيْكَ.
3,3,"For thou remainest for ever, and shall we perish everlastingly?",فَإِنَّكَ أَنْتَ تَدُومُ إِلَى الأَبَدِ أَمَّا نَحْنُ فَنَهْلِكُ إِلَى الأَبَدِ.
3,4,"O Lord Almighty, the God of Israel, hear now the prayer of the dead of Israel, and of their children, that have sinned before thee, and have not hearkened to the voice of the Lord their God, wherefore evils have cleaved fast to us.",أَيُّهَا الرَّبُّ الْقَدِيرُ إِلهُ إِسْرَائِيلَ اسْمَعْ صَلاَةَ قَوْمِ إِسْرَائِيلَ وَبَنِي الَّذِينَ خَطِئُوا إِلَيْكَ الَّذِينَ لَمْ يَسْمَعُوا لِصَوْتِ إِلهِهِمْ وَقَدْ لَحِقَ الشَّرُّ بِنَا
3,5,"Remember not the iniquities of our fathers, but think upon thy hand, and upon thy name at this time:",لاَ تَذْكُرْ أَثَامَ آبَائِنَا بَلِ اَذْكُرْ يَدَكَ وَاسْمَكَ فِي هذَا الزَّمَانِ
3,6,"For thou art the Lord our God, and we will praise thee, O Lord:",فَإِنَّكَ أَنْتَ الرَّبُّ إِلهُنَا وَإِيَّاكَ نُسَبِّحُ يَا رَبُّ.
3,7,"Because for this end thou hast put thy fear in our hearts, to the intent that we should call upon thy name, and praise thee in our captivity, for we are converted from the iniquity of our fathers, who sinned before thee.",لأَنَّكَ لِذلِكَ جَعَلْتَ مَخَافَتَكَ فِي قُلُوبِنَا وَلِنَدْعُوَ بِاسْمِكَ، إِنَّا نُسَبِّحُكَ فِي جَلاَئِنَا لأَنَّا قَدْ نَبَذْنَا عَنْ قُلُوبِنَا كُلَّ إِثْمِ آبَائِنَا الَّذِينَ خَطِئُوا أَمَامَكَ
3,8,"And behold we are at this day in our captivity, whereby thou hast scattered us to be a reproach, and a curse, and an offence, according to all the iniquities of our fathers, who departed from thee, O Lord our God.",وَهَا إِنَّا الْيَوْمَ فِي الْجَلاَءِ حَيْثُ شَتَّتَّنَا لِلتَّعْيِيرِ وَاللَّعْنَةِ وَالْعِقَابِ لأَجْلِ جَمِيعِ آثَامِ آبَائِنَا الَّذِينَ ارْتَدُّوا عَنِ الرَّبِّ إِلهِنَا.
3,9,"Hear, O Israel, the commandments of life: give ear, that thou mayst learn wisdom.",اِسْمَعْ يَا إِسْرَائِيلُ وَصَايَا الْحَيَاةِ، أَصْغُوْا وَتَعَلَّمُوا الْفِطْنَةَ.
3,10,"How happeneth it, O Israel, that thou art in thy enemies' land?",لِمَاذَا يَا إِسْرَائِيلُ لِمَاذَا أَنْتَ فِي أَرْضِ الأَعْدَاءِ؟
3,11,"Thou art grown old in a strange country, thou art defiled with the dead: thou art counted with them that go down into hell.",قَدْ ذَبَلْتَ فِي أَرْضِ الْغُرْبَةِ وَتَنَجَّسْتَ بِالأَمْوَاتِ وَحُسِبْتَ مَعَ الَّذِينَ هُمْ فِي الْجَحِيمِ.
3,12,Thou hast forsaken the fountain of wisdom :,إِنَّكَ قَدْ تَرَكْتَ يَنْبُوعَ الْحِكْمَةِ
3,13,"For if thou hadst walked in the way of God, thou hadst surely dwelt in peace for ever.",وَلَوْ أَنَّكَ سَلَكْتَ فِي طَرِيقِ اللهِ لَسَكَنْتَ فِي السَّلاَمِ مَدَى الدَّهْرِ.
3,14,"Learn where is wisdom, where is strength, where is understanding: that thou mayst know also where is length of days and life, where is the light of the eyes, and peace.",تَعَلَّمْ أَيْنَ الْفِطْنَةُ وَأَيْنَ الْقُوَّةُ وَأَيْنَ التَّعَقُّلُ لِكَيْ تَعْلَمَ أَيْضاً أَيْنَ طُولُ الأَيَّامِ وَالْحَيَاةُ وَأَيْنَ نُورُ الْعُيُونِ وَالسَّلاَمُ.
3,15,Who hath found out her place? and who hath gone in to her treasures?,مَنْ وَجَدَ مَوْضِعَهَا وَمَنْ بَلَغَ إِلَى كُنُوزِهَا
3,16,"Where are the princes of the nations, and they that rule over the beasts that are upon the earth?",أَيْنَ رُؤَسَاءُ الأُمَمِ وَالَّذِينَ يَتَسَلَّطُونَ عَلَى وُحُوشِ الأَرْضِ
3,17,That take their diversion with the birds of the air.,وَالَّذِينَ يُلاَعِبُونَ طُيُورَ السَّمَاءِ
3,18,"That hoard up silver and gold, wherein men trust, and there is no end of their getting? who work in silver and are solicitous, and their works are unsearchable.",وَيَكْنِزُونَ الْفِضَّةَ وَالذَّهَبَ مِمَّا يَتَوَكَّلُ عَلَيْهِ الْبَشَرُ وَلاَ حَدَّ لِكَسْبِهِمْ وَيَصُوغُونَ الْفِضَّةَ وَيَهْتَمُّونَ وَلاَ اسْتِقْصَاءَ لِمَسَاعِيهِمْ.
3,19,"They are cut off, and are gone down to hell, and others are risen up in their place.",إِنَّهُمْ قَدِ اضْمَحَلُّوا وَإِلَى الْجَحِيمِ هَبَطُوا وَآخَرُونَ قَامُوا فِي مَكَانِهِمْ.
3,20,"Young men have seen the light, and dwelt upon the earth: but the way of knowledge they have not known,",أَحْدَاثٌ رَأَوُا النُّورَ وَسَكَنُوا الأَرْضَ لكِنَّهُمْ لَمْ يَعْرِفُوا طَرِيقَ التَّأَدُّبِ
3,21,"Nor have they understood the paths thereof, neither have their children received it, it is far from their face.",وَلَمْ يَفْهَمُوا سُبُلَهُ وَبَنُوهُمْ لَمْ يُدْرِكُوهُ وَابْتَعَدُوا عَنْ طَرِيقِهِ.
3,22,"It hath not been heard of in the land of Chanaan, neither hath it been seen in Theman.",لَمْ يُسْمَعْ بِهِ فِي كَنْعَانَ وَلاَ تَرَاءَى فِي تَيْمَانَ.
3,23,"The children of Agar also, that search after the wisdom that is of the earth, the merchants of Merrha, and of Theman, and the tellers of fables, and searchers of prudence and understanding: but the way of wisdom they have not known, neither have they remembered her paths.",وَبَنُو هَاجَرَ أَيْضاً الْمُبْتَغُونَ لِلتَّعَقُّلِ عَلَى الأَرْضِ وَتُجَّارُ مَرَّانَ وَتَيْمَانَ وَقَائِلُو الأَمْثَالِ وَمُبْتَغُو التَّعَقُّلِ لَمْ يَعْرِفُوا طَرِيقَ الْحِكْمَةِ وَلَمْ يَتَذَكَّرُوا سُبُلَهَا.
3,24,"O Israel, how great is the house of God, and how vast is the place of his possession!",يَا إِسْرَائِيلُ مَا أَعْظَمَ بَيْتَ اللهِ وَمَا أَوْسَعَ مَوْضِعَ مِلْكِهِ.
3,25,"It is great, and hath no end: it is high and immense.",عَظِيمٌ هُوَ بِغَيْرِ حَدٍّ وَعَالٍ بِغَيْرِ قِيَاسٍ.
3,26,"There were the giants, those renowned men that were from the beginning, of great stature, expert in war.",هُنَاكَ وُلِدَ الْجَبَابِرَةُ الْمَذْكُورُونَ الَّذِينَ كَانُوا فِي الْبَدْءِ الطِّوَالُ الْقَامَاتِ الْحَاذِقُونَ بِالْقِتَالِ.
3,27,"The Lord chose not them, neither did they find the way of knowledge: therefore did they perish.",أُولئِكَ لَمْ يَخْتَرْهُمُ الرَّبُّ وَلَمْ يَجْعَلْ لَهُمْ طَرِيقَ التَّأَدُّبِ
3,28,"And because they had not wisdom, they perished through their folly.",فَهَلَكُوا لِعَدَمِ الْفِطْنَةِ. هَلَكُوا لِغَبَاوَتِهِمْ.
3,29,"Who hath gone up into heaven, and taken her, and brought her down from the clouds?",مَنْ صَعِدَ إِلَى السَّمَاءِ فَتَنَاوَلَهَا وَنَزَلَ بِهَا مِنَ الْغُيُومِ.
3,30,"Who hath passed over the sea, and found her, and brought her preferably to chosen gold?",مَنِ اجْتَازَ إِلَى عَبْرِ الْبَحْرِ وَوَجَدَهَا وَآثَرَهَا عَلَى الذَّهَبِ الإِبْرِيزِ.
3,31,"There is none that is able to know her ways, nor that can search out her paths :",لَيْسَ أَحَدٌ يَعْرِفُ طَرِيقَهَا وَيَطَّلِعُ عَلَى سَبِيلِهَا
3,32,"But he that knoweth all things, knoweth her, and hath found her out with his understanding: he that prepared the earth for evermore, and filled it with cattle and fourfooted beasts:",لكِنَّ الْعَالِمَ بِكُلِّ شَيْءٍ هُوَ يَعْلَمُهَا وَبِعَقْلِهِ وَجَدَهَا. الَّذِي ثَبَّتَ الأَرْضَ إِلَى الأَبَدِ وَمَلأَهَا حَيَوَاناً ذَا أَرْبَعٍ.
3,33,"He that sendeth forth light, and it goeth: and hath called it, and it obeyeth him with trembling.",الَّذِي يُرْسِلُ النُّورَ فَيَنْطَلِقُ. يَدْعُوهُ فَيُطِيعُهُ بِرَعْدَةٍ.
3,34,"And the stars have given light in their watches, and rejoiced:",إِنَّ النُّجُومَ أَشْرَقَتْ فِي مَحَارِسِهَا وَتَهَلَّلَتْ.
3,35,"They were called, and they said: Here we are: and with cheerfuIness they have shined forth to him that made them.",دَعَاهَا فَقَالَتْ نَحْنُ لَدَيْكَ وَأَشْرَقَتْ مُتَهَلِّلَةً لِلَّذِي صَنَعَهَا.
3,36,"This is our God, and there shall no other be accounted of in comparison of him.",هذَا هُوَ إِلهُنَا وَلاَ يُعْتَبَرُ حِذَاءَهُ آخَرُ.
3,37,"He found out all the way of knowledge, and gave it to Jacob his servant, and to Israel his beloved.",هُوَ وَجَدَ طَرِيقَ التَّأَدُّبِ بِكَمَالِهِ وَجَعَلَهُ لِيَعْقُوبَ عَبْدِهِ وَلإِسْرَائِيلَ حَبِيبِهِ.
3,38,"Afterwards he was seen upon earth, and conversed with men.",وَبَعْدَ ذلِكَ تَرَاءَى عَلَى الأَرْضِ وَتَرَدَّدَ بَيْنَ الْبَشَرِ
4,1,"This is the book of the commandments of God, and the law, that is for ever: all they that keep it, shall come to life: but they that have forsaken it, to death.",هذَا كِتَابُ أَوَامِرِ اللهِ وَالشَّرِيعَةُ الَّتِي إِلَى الأَبَدِ كُلُّ مَنْ تَمَسَّكَ بِهَا فَلَهُ الْحَيَاةُ وَالَّذِينَ يُهْمِلُونَهَا يَمُوتُونَ.
4,2,"Return, O Jacob, and take hold of it, walk in the way by its brightness, in the presence of the light thereof.",تُبْ يَا يَعْقُوبُ وَاتَّخِذْهَا وَسِرْ فِي الضِّيَاءِ تُجَاهَ نُورِهَا.
4,3,"Give not thy honour to another, nor thy dignity to a strange nation.",لاَ تُعْطِ مَجْدَكَ لآخَرَ وَمَزِيَّتَكَ لأُمَّةٍ غَرِيبَةٍ.
4,4,"We are happy, O Israel: because the things that are pleasing to God, are made known to us.",طُوبَى لَنَا يَا إِسْرَائِيلُ لأَنَّ مَا يُرْضَى عِنْدَ اللهِ مَعْرُوفٌ لَدَيْنَا.
4,5,"Be of good comfort, O people of God, the memorial of Israel:",ثِقُوا يَا شَعْبِي يَا تَذْكَارَ إِسْرَائِيلَ
4,6,"You have been sold to the Gentiles, not for your destruction: but because you provoked God to wrath, you are delivered to your adversaries.",فَإِنَّكُمْ لَمْ تُبَاعُوا لِلأُمَمِ لِهَلاَكِكُمْ وَلكِنْ بِمَا أَنَّكُمْ أَسْخَطْتُمُ اللهَ قَدْ أُسْلِمْتُمْ إِلَى أَعْدَائِكُمْ
4,7,"For you have provoked him who made you, the eternal God, offering sacrifice to devils, and not to God.",لأَنَّكُمْ أَغْضَبْتُمْ صَانِعَكُمْ إِذْ ذَبَحْتُمْ لِلشَّيَاطِينِ لاَ للهِ
4,8,"For you have forgotten God, who brought you up, and you have grieved Jerusalem that nursed you.",وَنَسِيتُمْ رَازِقَكُمُ الإِلهَ الأَزَلِيَّ وَحَزَنْتُمْ مُرَبِّيَتَكُمْ أُورُشَلِيمَ.
4,9,"For she saw the wrath of God coming upon you, and she said: Give ear, all you that dwell near Sion, for God hath brought upon me great mourning:",إِنَّهَا رَأَتِ الْغَضَبَ الَّذِي حَلَّ بِكُمْ مِنْ قِبَلِ اللهِ فَقَالَتِ اسْمَعْنَ يَا جَارَاتِ صِهْيُونَ إِنَّ اللهَ قَدْ جَلَبَ عَلَيَّ نَوْحاً عَظِيماً
4,10,"For I have seen the captivity of my people, of my sons, and my daughters, which the Eternal hath brought upon them.",فَإِنِّي رَأَيْتُ سَبْيَ بَنِيَّ وَبَنَاتِيَ الَّذِي جَلَبَهُ عَلَيْهِمْ الأَزَلِيُّ.
4,11,For I nourished them with joy: but I sent them away with weeping and mourning.,إِنِّي رَبَّيْتُهُمْ بِفَرَحٍ ثُمَّ وَدَّعْتُهُمْ بِبُكَاءٍ وَنَوْحٍ.
4,12,"Let no man rejoice over me, a widow, and desolate: I am forsaken of many for the sins of my children, because they departed from the law of God.",لاَ يَشْمَتَنَّ أَحَدٌ بِي أَنَا الأَرْمَلَةَ الَّتِي ثَكِلَتْ كَثِيرِينَ فَإِنِّي قَدْ أُوحِشْتُ لأَجْلِ خَطَايَا بَنِيَّ لأَنَّهُمْ زَاغُوا عَنْ شَرِيعَةِ اللهِ
4,13,"And they have not known his justices, nor walked by the ways of God's commandments, neither have they entered by the paths of his truth and justice.",وَلَمْ يَعْرِفُوا رُسُومَهُ وَلَمْ يَسْلُكُوا فِي طُرُقِ وَصَايَا اللهِ وَلَمْ يَسِيرُوا فِي سُبُلِ التَّأَدُّبِ بِبِرِّهِ.
4,14,"Let them that dwell about Sion come, and remember the captivity of my sons and daughters, which the Eternal hath brought upon them.",هَلُمَّ يَا جَارَاتِ صِهْيُونَ فَاذْكُرْنَ سَبْيَ بَنِيَّ وَبَنَاتِيَ الَّذِي جَلَبَهُ عَلَيْهِمْ الأَزَلِيُّ.
4,15,"For he hath brought a nation upon them from afar, a wicked nation, and of a strange tongue:",فَإِنَّهُ جَلَبَ عَلَيْهِمْ أُمَّةً مِنْ بَعِيدٍ أُمَّةً وَقِحَةً أَعْجَمِيَّةَ اللِّسَانِ
4,16,"Who have neither reverenced the ancient, nor pitied children, and have carried away the beloved of the widow, and have left me all alone without children.",لَمْ تَهَبْ شَيْخاً وَلَمْ تُشْفِقْ عَلَى طِفْلٍ فَذَهَبُوا بِأَحِبَّاءِ الأَرْمَلَةِ وَأَثْكَلُوا الْمُتَوَحِّدَةَ بَنَاتِهَا.
4,17,"But as for me, what help can I give you?",بِأَيِّ شَيْءٍ أَسْتَطِيعُ أَنْ أُغِيثَكُمْ.
4,18,"But he that hath brought the evils upon you, he will deliver you out of the hands of your enemies.",الَّذِي جَلَبَ عَلَيْكُمُ الشَّرَّ هُوَ يُنْقِذُكُمْ مِنْ أَيْدِي أَعْدَائِكُمْ.
4,19,"Go your way, my children, go your way: for I am left alone.",سِيرُوا يَا بَنِيَّ سِيرُوا. إِنِّي بَقِيتُ مُسْتَوْحِشَةً.
4,20,"I have put off the robe of peace, and have put upon me the sackcloth of supplication, and I will cry to the most High in my days.",قَدْ خَلَعْتُ حُلَّةَ السَّلاَمِ وَلَبِسْتُ مِسْحَ التَّضَرُّعِ. أَصْرُخُ إِلَى الأَزَلِيِّ مَدَى أَيَّامِي.
4,21,"Be of good comfort, my children, cry to the Lord, and he will deliver you out of the hand of the princes your enemies.",ثِقُوا يَا بَنِيَّ وَاسْتَغِيثُوا بِاللهِ فَيُنْقِذَكُمْ مِنْ أَيْدِي الأَعْدَاءِ الْمُتَسَلِّطِينَ عَلَيْكُمْ
4,22,"For my hope is in the Eternal that he will save you: and joy is come upon me from the Holy One, because of the mercy which shall come to you from our everlasting Saviour.",فَإِنِّي قَدْ رَجَوْتُ بِالأَزَلِيِّ خَلاَصَكُمْ وَحَلَّتْ بِي مَسَرَّةٌ مِنْ لَدُنِ الْقُدُّوسِ بِالرَّحْمَةِ الَّتِي تُؤْتَوْنَهَا عَمَّا قَلِيلٍ مِنْ عِنْدِ الأَزَلِيِّ مُخَلِّصِكُمْ.
4,23,For I sent you forth with mourning and weeping: but the Lord will bring you back to me with joy and gladness for ever.,قَدْ وَدَّعْتُكُمْ بِبُكَاءٍ وَنَوْحٍ لكِنَّ اللهَ سَيَرُدُّكُمْ لِي بِفَرَحٍ وَمَسَرَّةٍ إِلَى الأَبَدِ.
4,24,"For as the neighbours of Sion have now seen your captivity from God: so shall they also shortly see your salvation from God, which shall come upon you with great honour, and everlasting glory.",فَكَمَا تَرَى الآنَ جَارَاتُ صِهْيَوْنَ سَبْيَكُمْ هكَذَا عَمَّا قَلِيلٍ سَيَرَيْنَ خَلاَصَكُمْ مِنْ عِنْدِ اللهِ تُؤْتَوْنَهُ بِمَجْدٍ عَظِيمٍ وَبِبَهَاءِ الأَزَلِيِّ.
4,25,"My children, suffer patiently the wrath that is come upon you: for thy enemy hath persecuted thee, but thou shalt quickly see his destruction: and thou shalt get up upon his neck.",يَا بَنِيَّ احْتَمِلُوا بِالصَّبْرِ الْغَضَبَ الَّذِي حَلَّ بِكُمْ مِنَ اللهِ. قَدِ اضْطَهَدَكَ الْعَدُوُّ لكِنَّكَ سَتَرَى هَلاَكَهُ عَنْ قَلِيلٍ وَتَطَأُ رِقَابَهُمْ.
4,26,"My delicate ones have walked rough ways, for they were taken away as a flock made a prey by the enemies.",إِنَّ مُتْرَفِيَّ سَلَكُوا طُرُقاً وَعْرَةً وَسِيقُوا كَغَنَمٍ نَهَبَتْهَا الأَعْدَاءُ.
4,27,"Be of good comfort, my children, and cry to the Lord: for you shall be remembered by him that hath led you away.",ثِقُوا يَا بَنِيَّ وَاسْتَغِيثُوا بِاللهِ فَإِنَّ الَّذِي جَلَبَ عَلَيْكُمْ هذِهِ سَيَتَذَكَّرُكُمْ.
4,28,For as it was your mind to go astray from God; so when you return again you shall seek him ten times as much.,وَكَمَا كُنْتُمْ تَهْوَوْنَ أَنْ تَشْرُدُوا عَنِ اللهِ فَبِقَدْرِ ذلِكَ عَشْرَ مَرَّاتٍ تَلْتَمِسُونَهُ تَائِبِينَ
4,29,"For he that hath brought evils upon you, shall bring you everlasting joy again with your salvation.",وَالَّذِي جَلَبَ عَلَيْكُمُ الشَّرَّ يَجْلُبُ لَكُمُ المَسَرَّةَ الأَبَدِيَّةَ مَعَ خَلاَصِكُم.
4,30,"Be of good heart, O Jerusalem: for he exhorteth thee, that named thee.",ثِقِي يَا أُورُشَلِيمُ فَإِنَّ الَّذِي سَمَّاكِ بِاسْمِهِ سَيُعَزِّيكِ.
4,31,"The wicked that have afflicted thee, shall perish: and they that have rejoiced at thy ruin, shall be punished.",وَيْلٌ لِلَّذِينَ جَارُوا عَلَيْكِ وَشَمِتُوا بِسُقُوطِكِ.
4,32,"The cities which thy children have served, shall be punished: and she that received thy sons.",وَيْلٌ لِلْمُدُنِ الَّتِي اسْتَعْبَدَتْ بَنِيكِ. وَيْلٌ لِلَّتِي أَخَذَتْ أَوْلاَدَكِ.
4,33,"For as she rejoiced at thy ruin, and was glad of thy fall: so shall she be grieved for her own desolation.",فَإِنَّهَا كَمَا شَمِتَتْ بِسُقُوطِكِ وَفَرِحَتْ بِخَرَابِكِ كَذلِكَ سَتَكْتَئِبُ عِنْدَ دَمَارِهَا
4,34,And the joy of her multitude shall be cut off: and her gladness shall be turned to mourning.,وَأُبْطِلُ مُفَاخَرَتَهَا بِكَثْرَةِ سُكَّانِهَا وَأُحَوِّلُ مَرَحَهَا إِلَى نَوْحٍ
4,35,"For fire shall come upon her from the Eternal, long to endure, and she shall be inhabited by devils for a great time.",لأَنَّ نَاراً تَنْزِلُ عَلَيْهَا مِنْ عِنْدِ الأَزَلِيِّ إِلَى أَيَّامٍ كَثِيرَةٍ وَتَسْكُنُهَا الشَيَّاطِينُ طُولَ الزَّمَانِ.
4,36,"Look about thee, O Jerusalem, towards the east, and behold the joy that cometh to thee from God.",تَطَلَّعِي يَا أُورُشَلِيمُ مِنْ حَوْلِكِ نَحْوَ الْمَشْرِقِ وَانْظُرِي الْمَسَرَّةَ الْوَافِدَةَ عَلَيْكِ مِنْ عِنْدِ اللهِ.
4,37,"For behold thy children come, whom thou sentest away scattered, they come gathered together from the east even to the west, at the word of the Holy One rejoicing for the honour of God.",هَا إِنَّ بَنِيكِ الَّذِينَ وَدَّعْتِهِمْ قَادِمُونَ. يَقْدَمُونَ مُجْتَمِعِينَ مِنَ الْمَشْرِقِ إِلَى الْمَغْرِبِ بِكَلِمَةِ الْقُدُّوسِ مُبْتَهِجِينَ بِمَجْدِ اللهِ.
5,1,"Put off, O Jerusalem, the garment of thy mourning, and affliction: and put on the beauty, and honour of that everlasting glory which thou hast from God.",اخْلَعِي يَا أُورُشَلِيمُ حُلَّةَ النَّوْحِ وَالْمَذَلَّةِ وَالْبَسِي بَهَاءَ الْمَجْدِ مِنْ عِنْدِ اللهِ إِلَى الأَبَدِ.
5,2,"God will clothe thee with the double garment of justice, and will set a crown on thy head of everlasting honour.",تَسَرْبَلِي ثَوْبَ الْبِرِّ الَّذِي مِنَ اللهِ وَاجْعَلِي عَلَى رَأْسِكِ تَاجَ مَجْدِ الأَزَلِيِّ.
5,3,"For God will shew his brightness in thee, to every one under heaven.",فَإِنَّ اللهَ يُظْهِرُ سَنَاكِ لِكُلِّ مَا تَحْتَ السَّمَاءِ
5,4,"For thy name shall be named to thee by God for ever: the peace of justice, and honour of piety.",وَيَكُونُ اسْمُكِ مِنْ قِبَلِ اللهِ إِلَى الأَبَدِ سَلاَمَ الْبِرِّ وَمَجْدَ عِبَادَةِ اللهِ.
5,5,"Arise, O Jerusalem, and stand on high: and look about towards the east, and behold thy children gathered together from the rising to the setting sun, by the word of the Holy One rejoicing in the remembrance of God.",اِنْهَضِي يَا أُورُشَلِيمُ وَقِفِي فِي الأَعَالِي وَتَطَلَّعِي مِنْ حَوْلِكِ نَحْوَ الْمَشْرِقِ وَانْظُرِي بَنِيكِ مُجْتَمِعِينَ مِنْ مَغْرِبِ الشَّمْسِ إِلَى مَشْرِقِهَا بِكَلِمَةِ الْقُدُّوسِ مُبْتَهِجِينَ بِذِكْرِ اللهِ.
5,6,"For they went out from thee on foot, led by the enemies: but the Lord will bring them to thee exalted with honour as children of the kingdom.",قَدْ ذَهَبُوا عَنْكِ رَاجِلِينَ تَسُوقُهُمُ الأَعْدَاءُ لكِنَّ اللهَ يُعِيدُهُمْ إِلَيْكِ رَاكِبِينَ بِكَرَامَةٍ كَمَنْ هُوَ عَلَى عَرْشِ الْمُلْكِ.
5,7,"For God hath appointed to bring down every high mountain, and the everlasting rocks, and to fill up the valleys to make them even with the ground: that Israel may walk diligently to the honour of God.",لأَنَّ الرَّبَّ قَدْ عَزَمَ أَنْ يَخْفِضَ كُلَّ جَبَلٍ عَالٍ وَالتِّلاَلَ الدَّهْرِيَّةَ وَأَنْ يَملأَ الأَوْدِيَةَ لِتَمْهِيدِ الأَرْضِ كَيْمَا يَسِيرَ إِسْرَائِيلُ بِغَيْرِ عِثَارٍ لِمَجْدِ اللهِ
5,8,"Moreover the woods, and every sweet-smelling tree have overshadowed Israel by the commandment of God.",حَتَّى إِنَّ الْغَابَ وَكُلَّ شَجَرٍ طَيِّبِ الْعَرْفِ قَدْ ظَلَّلَ عَلَى إِسْرَائِيلَ بِأَمْرِ اللهِ.
5,9,"For God will bring Israel with joy in the light of his majesty, with mercy, and justice, that cometh from him.",إِنَّ اللهَ سَيُعِيدُ إِسْرَائِيلَ بِسُرُورٍ فِي نُورِ مَجْدِهِ بِرَحْمَةٍ وَعَدْلٍ مِنْ عِنْدِهِ
6,1,"For the sins that you have committed before God, you shall be carried away captives into Babylon by Nabuchodonosor the king of Babylon.",إِنَّهُ لأَجْلِ الْخَطَايَا الَّتِي خَطِئْتُمْ أَمَامَ اللهِ يَسُوقُكُمْ نَبُوخَذْنَصَّرُ مَلِكُ بَابِلَ فِي الْجَلاَءِ إِلَى بَابِلَ.
6,2,"And when you are come into Babylon, you shall be there many years, and for a long time, even to seven generations: and after that I will bring you away from thence with peace.",فَإِذَا دَخَلْتُمْ بَابِلَ فَسَتَكُونُونَ هُنَاكَ سِنِينَ كَثِيرَةً وَزَمَاناً طَوِيلاً إِلَى سَبْعَةِ أَجْيَالٍ وَبَعْدَ ذلِكَ أُخْرِجُكُمْ مِنْ هُنَاكَ بِسَلاَمٍ.
6,3,"But now, you shall see in Babylon gods of gold, and of silver, and of stone, and of wood borne upon shoulders, causing fear to the Gentiles.",وَالآنَ فَإِنَّكُمْ سَتَرَوْنَ فِي بَابِلَ آلِهَةً مِنَ الْفِضَّةِ وَالذَّهَبِ وَالْخَشَبِ تُحْمَلُ عَلَى الْمَنَاكِبِ وَتُلْقِي الرَّهْبَةَ عَلَى الأُمَمِ
6,4,"Beware therefore that you imitate not the doings of others, and be afraid, and the fear of them should seize upon you.",فَاحْتَرِزُوا أَنْ تَتَشَبَّهُوا بِالْغُرَبَاءِ وَتَأْخُذَكُمْ مِنْهَا رَهْبَةٌ.
6,5,"But when you see the multitude behind, and before, adoring them, say you in your hearts: Thou oughtest to be adored, O Lord.",وَإِذَا رَأَيْتُمُ الْجُمُوعَ أَمَامَهَا وَوَرَاءَهَا يَسْجُدُونَ لَهَا فَقُولُوا فِي قُلُوبِكُمْ: «لَكَ يَا رَبُّ يَنْبَغِي السُّجُودُ».
6,6,For my angel is with you: And I myself will demand an account of your souls.,فَإِنَّ مَلاَكِي مَعَكُمْ وَهُوَ يُطَالِبُ بِأَنْفُسِكُمْ.
6,7,"For their tongue that is polished by the craftsman, and themselves laid over with gold and silver, are false things, and they cannot speak.",أَمَّا تِلْكَ فَإِنَّ لَهَا أَلْسِنَةً قَدْ نَحَتَهَا النَّجَّارُ وَهِيَ مُغَشَّاةٌ بِالذَّهَبِ وَالْفِضَّةِ لكِنَّهَا آلِهَةُ زُورٍ لاَ تَسْتَطِيعُ نُطْقاً.
6,8,And as if it were for a maiden that loveth to go gay: so do they take gold and make them up.,يَأْخُذُ النَّاسُ لَهَا ذَهَباً كَمَا يُؤْخَذُ لِعَذْرَاءَ تُحِبُّ الزِّينَةَ
6,9,"Their gods have golden crowns upon their heads: whereof the priests secretly convey away from them gold, and silver, and bestow it on themselves.",فَيَصُوغُونَ أَكَالِيلَ يَجْعَلُونَهَا عَلَى رُؤُوسِ آلِهَتِهِمْ، وَرُبَّمَا سَرَقَ الْكَهَنَةُ مِنْ آلِهَتِهِمِ الذَّهَبَ وَالْفِضَّةَ لِمَنْفَعَةِ أَنْفُسِهِمْ
6,10,"Yea and they give thereof to prostitutes, and they dress out harlots: and again when they receive it of the harlots, they adorn their gods.",وَقَدْ يَبْذُلُونَ مِنْهُمَا لِلزَّوَانِي اللاَّتِي فِي الْبَيْتِ. يُزَيِّنُونَ الآلِهَةَ بِالْمَلاَبِسِ كَالْبَشَرِ وَهِيَ مِنَ الْفِضَّةِ وَالذَّهَبِ وَالْخَشَبِ
6,11,"And these gods cannot defend themselves from the rust, and the moth.",فَهِيَ لاَ تَسْلَمُ مِنَ الصَّدَإِ وَالسُّوسِ وَإِنْ كَانَتْ تَلْبَسُ الأُرْجُوَانَ.
6,12,"But when they have covered them with a purple garment, they wipe their face because of the dust of the house, which is very much among them.",وَيَمْسَحُونَ وُجُوهَهَا مِنْ غُبَارِ الْبَيْتِ الْمُتَرَاكِمِ عَلَيْهَا.
6,13,"This holdeth a sceptre as a man, as a judge of the country, but cannot put to death one that offendeth him.",وَفِي يَدِ كُلٍّ مِنْهَا صَوْلَجَانٌ كَالْحَاكِمِ عَلَى بَلَدٍ لكِنَّهُ لاَ يَقْتُلُ مَنْ يُجْرِمُ إِلَيْهِ.
6,14,"And this hath in his hand a sword, or an axe, but cannot save himself from war, or from robbers, whereby be it known to you, that they are not gods.",وَفِي يَمِينِهِ سَيْفٌ وَفَأْسٌ لكِنَّهُ لاَ يُنَجِّي نَفْسَهُ مِنَ الْحَرْبِ وَاللُّصُوصِ. فَحَقَّ بِذلِكَ أَنَّهَا لَيْسَتْ بآلِهَةٍ
6,15,"Therefore fear them not. For as a vessel that a man uses when it is broken becometh useless, even so are their gods:",فَلاَ تَخَافُوهَا فَإِنَّهُ كَمَا أَنَّ الإِنَاءَ الْمَكْسُورَ لاَ يَنْفَعُ صَاحِبَهُ كَذلِكَ آلِهَتُهُمْ.
6,16,"When they are placed in the house, their eyes are full of dust by the feet of them that go in.",إِذَا نُصِبَتْ فِي الْبُيُوتِ فَعُيُونُهَا تَمْتَلِئُ غُبَاراً مِنْ أَقْدَامِ الدَّاخِلِينَ.
6,17,"And as the gates are made sure on every side upon one that hath offended the king, or like a dead man carried to the grave, so do the priests secure the doors with bars and locks, lest they be stripped by thieves.",يُحْظَرُ عَلَيْهَا فِي الدِّيَارِ كَمَا يُحْظَرُ عَلَى مَنْ أَجْرَمَ إِلَى الْمَلِكِ وَكَهَنَتُهَا يُحَصِّنُونَ بُيُوتَهَا بِأَبْوَابٍ وَأَقْفَالٍ وَمَزَالِيجَ كَمَا يُفْعَلُ بِمَنْ حُكِمَ عَلَيْهِ بِالْمَوْتِ لِئَلاَّ تَسْلُبَهَا اللُّصُوصُ.
6,18,"They light candles to them, and in great number, of which they cannot see one: but they are like beams in the house.",يُوقِدُونَ لَهَا مِنَ السُّرُجِ أَكْثَرَ مِمَّا يُوقِدُونَ لأَنْفُسِهِمْ وَهِيَ لاَ تَسْتَطِيعُ أَنْ تَرَى مِنْهَا شَيْئاً.
6,19,"And they say that the creeping things which are of the earth, gnaw their hearts, while they eat them and their garments, and they feel it not.",إِنَّمَا هِيَ كَجَوَائِزِ الْبَيْتِ وَقَدْ ذُكِرَ أَنَّ حَشَرَاتِ الأَرْضِ تَنْهَشُ قُلُوبَهَا فَتُؤْكَلُ هِيَ وَثِيَابُهَا وَلاَ تَشْعُرُ.
6,20,Their faces are black with the smoke that is made in the house.,تَسْوَدُّ وُجُوهُهَا مِنَ الدُّخَانِ الَّذِي فِي الْبَيْتِ.
6,21,"Owls, and swallows, and other birds fly upon their bodies, and upon their heads, and cats in like manner.",عَلَى أَبْدَانِهَا وَرُؤُوسِهَا يَثِبُ الْبُومُ وَالْخُطَّافُ وَسَائِرُ الطُّيُورِ وَالسَّنَانِيرُ.
6,22,Whereby you may know that they are no gods. Therefore fear them not.,فَاعْلَمُوا مِنْ ذلِكَ أَنَّهَا لَيْسَتْ بِآلِهَةٍ فَلاَ تَخَافُوهَا.
6,23,"The gold also which they have, is for shew, but except a man wipe off the rust, they will not shine: for neither when they were molten, did they feel it.",وَالذَّهَبُ الَّذِي يُغَشِّيهَا لِلزِّينَةِ إِنْ لَمْ يُمْسَحْ صَدَأُهُ لَمْ يَكُنْ لَهَا رَوْنَقٌ كَمَا أَنَّهَا إِذْ صِيغَ عَلَيْهَا لَمْ تَشْعُرْ.
6,24,"Men buy them at a high price, whereas there is no breath in them.",تُبْتَاعُ بِكُلِّ ثَمَنٍ وَإِنْ لَمْ يَكُنْ فِيهَا رُوحٌ.
6,25,"And having not the use of feet they are carried upon shoulders, declaring to men how vile they are. Be they confounded also that worship them.",لَيْسَ لَهَا أَرْجُلٌ، فَتُحْمَلُ عَلَى الْمَنَاكِبِ وَبِذلِكَ تُبْدِي لِلنَّاسِ هَوَانَهَا وَالَّذِينَ يَعْبُدُونَهَا هُمْ أَيْضاً يَخْزَوْنَ.
6,26,"Therefore if they fall to the ground, they rise not up again of themselves, nor if a man set them upright, will they stand by themselves, but their gifts shall be set before them, as to the dead.",لأَنَّهَا إِذَا سَقَطَتْ عَلَى الأَرْضِ لاَ تَقُومُ مِنْ نَفْسِهَا وَلاَ إِذَا نَصَبَهَا أَحَدٌ تَتَحَرَّكُ مِنْ نَفْسِهَا وَلاَ إِذَا أُمِيلَتْ تَسْتَقِيمُ بَلْ تُقَدَّمُ إِلَيْهَا الْهَدَايَا كَمَا تُقَدَّمُ إِلَى أَمْوَاتٍ.
6,27,"The things that are sacrificed to them, their priests sell and abuse: in like manner also their wives take part of them, but give nothing of it either to the sick, or to the poor.",وَكَهَنَتُهَا يَبِيعُونَ ذَبَائِحَهَا لِمَنْفَعَةِ أَنْفُسِهِمْ. وَكَذلِكَ نِسَاؤُهُمْ يُمَلِّحْنَ مَا بَقِيَ مِنْهَا وَلاَ يَجْعَلْنَ فِيهَا حَظًّا لِمِسْكِينٍ وَلاَ سَقِيمٍ.
6,28,"The childbearing and menstruous women touch their sacrifices: knowing therefore by these things that they are not gods, fear them not.",الطَّامِثُ وَالنُّفْسَاءُ تَلْمُسَانِ ذَبَائِحَهَا. فَإِذْ قَدْ عَلِمْتُمْ مِنْ ذلِكَ أَنَّهَا لَيْسَتْ بِآلِهَةٍ فَلاَ تَخَافُوهَا.
6,29,"For how can they be called gods? because women set offerings before the gods of silver, and of gold, and of wood:",لِمَاذَا تُسَمَّى آلِهَةً؟ لأَنَّ النِّسَاءَ يُقَدِّمْنَ الْهَدَايَا لِهذِهِ الآلِهَةِ الَّتِي هِيَ مِنَ الْفِضَّةِ وَالذَّهَبِ وَالْخَشَبِ.
6,30,"And priests sit in their temples, having their garments rent, and their heads and beards shaven, and nothing upon their heads.",وَلأَنَّ الْكَهَنَةَ يَجْلِسُونَ فِي بُيُوتِهَا بِأَقْمِصَةٍ مُمَزَّقَةٍ وَهُمْ مَحْلُوقُو الرُّؤُوسِ وَاللِّحَى وَرُؤُوسُهُمْ مَكْشُوفَةٌ
6,31,"And they roar and cry before their gods, as men do at the feast when one is dead.",وَيَعِجُّونَ صَائِحِينَ أَمَامَ آلِهَتِهِمْ كَالْجَالِسِينَ عَلَى مَأْدُبَةِ الْمَيْتِ.
6,32,"The priests take away their garments, and clothe their wives and their children.",الْكَهَنَةُ يَنْزِعُونَ مِنْ ثِيَابِهَا مَا يَكْسُونَ نِسَاءَهُمْ وَأَوْلاَدَهُمْ.
6,33,"And whether it be evil that one doth unto them, or good, they are not able to recompense it: neither can they set up a king nor put him down:",وَإِذَا أَسَاءَ إِلَيْهَا أَحَدٌ أَوْ أَحْسَنَ فَلاَ تَسْتَطِيعُ الْمُكَافَأَةَ وَلاَ فِي وُسْعِهَا أَنْ تُقِيمَ مَلِكاً أَوْ تَخْلَعَهُ
6,34,"In like manner they can neither give riches, nor requite evil. If a man make a vow to them, and perform it not, they cannot require it.",وَلاَ تَقْدِرُ أَنْ تَهَبَ عَرْضاً وَلاَ نَقْداً. وَإِذَا نَذَرَ أَحَدٌ نَذْراً وَلَمْ يَقْضِهِ فَلاَ تُطَالِبُ.
6,35,They cannot deliver a man from death nor save the weak from the mighty.,لاَ تُنَحِّي أَحَداً مِنَ الْمَوْتِ وَلاَ تُنْقِذُ الضَّعِيفَ مِنْ يَدِ الْقَوِيِّ.
6,36,They cannot restore the blind man to his sight: nor deliver a man from distress.,لاَ تَرُدُّ الْبَصَرَ لِلأَعْمَى وَلاَ تُفَرِّجُ عَنْ ذِي شِدَّةٍ.
6,37,"They shall not pity the widow, nor do good to the fatherless.",لاَ تَرْحَمُ أَرْمَلَةً وَلاَ تُحْسِنُ إِلَى يَتِيمٍ.
6,38,"Their gods, of wood, and of stone, and of gold, and of silver, are like the stones that are hewn out of the mountains: and they that worship them shall be confounded.",فَهذِهِ الآلِهَةُ الَّتِي هِيَ مِنَ الْخَشَبِ مُغَشَّاةً بِالذَّهَبِ وَالْفِضَّةِ تُمَاثِلُ حِجَارَةً مِنَ الْجَبَلِ وَالَّذِينَ يَعْبُدُونَهَا يَخْزَوْنَ
6,39,"How then is it to be supposed, or to be said, that they are gods?",فَكَيْفَ يَسُوغُ أَنْ تُحْسَبَ أَوْ تُسَمَّى آلِهَةً.
6,40,"Even the Chaldeans themselves dishonour them: who when they hear of one dumb that cannot speak, they present him to Bel, entreating him, that he may speak,",بَلِ الْكَلْدَانِيُّونَ أَنْفُسُهُمْ يَزْدَرُونَهَا. فَإِنَّهُمْ إِذَا رَأَوْا أَبْكَمَ لاَ يَنْطِقُ يُقَدِّمُونَهُ إِلَى بَالٍ وَيَطْلُبُونَ مِنْهُ النُّطْقَ كَأَنَّهُ يَشْعُرُ
6,41,"As though they could be sensible that have no motion themselves: and they, when they shall perceive this, will leave them: for their gods themselves have no sense.",وَمَعَ اخْتِبَارِهِمْ لَهَا لاَ يَتْرُكُونَ عِبَادَتَهَا لأَنَّهُمْ لاَ يَشْعُرُونَ.
6,42,"The women also with cords about them, sit in the ways, burning olive stones.",وَالنِّسَاءُ يَقْعُدْنَ عَلَى الطُّرُقِ مُتَحَزِّمَاتٍ بِالْحِبَالِ يُبَخِّرْنَ بِالنُّخَالَةِ
6,43,"And when any one of them, drawn away by some passenger, lieth with him, she upbraideth her neighbour, that she was not thought as worthy as herself, nor her cord broken.",فَإِذَا اجْتَذَبَ مُجْتَازٌ وَاحِدَةً مِنْهُنَّ وَضَاجَعَهَا عَيَّرَتْ صَاحِبَتَهَا بِأَنَّهَا لَمْ تَحْظَ مِثْلَهَا وَلَمْ يُقْطَعْ حَبْلُهَا.
6,44,"But all things that are done about them, are false: how is it then to be thought, or to be said, that they are gods?",وَكُلُّ مَا يَصْنَعُ لِهذِهِ الآلِهَةِ إِنَّمَا هُوَ زُورٌ فَكَيْفَ يَسُوغُ أَن تُحْسَبَ أَوْ تُسَمَّى آلِهَةً.
6,45,"And they are made by workmen, and by goldsmiths. They shall be nothing else but what the priests will have them to be.",هِيَ صَنْعَةُ النَّجَّارِ وَالصَّائِغِ فَلاَ تَكُونُ إِلاَّ مَا يُرِيدُ صَانِعُهَا.
6,46,"For the artificers themselves that make them, are of no long continuance. Can those things then that are made by them be gods?",وَالَّذِينَ صَنَعُوهَا قَصِيرُو بَقَاءٍ فَكَيْفَ يَكُونُ مَا صَنَعُوهُ.
6,47,But they have left false things and reproach to them that come after.,إِنَّهُمْ تَرَكُوا لِمَنْ يَلِيهِمْ زُوراً وَعَاراً.
6,48,"For when war cometh upon them, or evils, the priests consult with themselves where they may hide themselves with them.",وَإِذَا أَتَى عَلَيْهَا حَرْبٌ وَشَرٌّ يَأْتَمِرُ الْكَهَنَةُ فِيمَا بَيْنَهُمْ أَيْنَ يَخْتَبِئُونَ بِهَا
6,49,"How then can they be thought to be gods, that can neither deliver themselves from war, nor save themselves from evils?",فَكَيْفَ لاَ يُشْعَرُ أَنَّهَا لَيْسَتْ بِآلِهَةٍ وَهِيَ لاَ تُخَلِّصُ أَنْفُسَهَا مِنَ الْحَرْبِ وَالشَّرِّ.
6,50,"For seeing they are but of wood, and laid over with gold, and with silver, it shall be known hereafter that they are false things, by all nations and kings: and it shall be manifest that they are no gods, but the work of men's hands, and that there is no work of God in them.",وَبِمَا أَنَّهَا مِنَ الْخَشَبِ مُغَشَّاةً بِالذَّهَبِ وَالْفِضَّةِ فَسَيُعْلَمُ فِيمَا بَعْدُ أَنَّهَا زُورٌ وَيَتَبَيَّنُ لِجَمِيعِ الأُمَمِ وَالْمُلُوكِ أَنَّهَا لَيْسَتْ آلِهَةً بَلْ صَنْعَةَ أَيْدِي النَّاسِ وَلاَ شَيْءَ فِيهَا مِنْ صَنْعَةِ اللهِ.
6,51,"Whence therefore is it known that they are not gods, but the work of men's hands, and no work of God is in them?",فَهَلْ مِنْ حَاجَةٍ إِلَى التَّنْبِيهِ عَلَى أَنَّهَا لَيْسَتْ بِآلِهَةٍ.
6,52,"They cannot set up a king over the land, nor give rain to men.",فَإِنَّهَا لاَ تُقِيمُ مَلِكاً عَلَى بَلَدٍ وَلاَ تُعْطِي النَّاسَ مَطَراً
6,53,"They determine no causes, nor deliver countries from oppression; because they can do nothing, and are as daws between heaven and earth.",وَلاَ تُخَاصِمُ حَتَّى لِخُصُومَةِ أَنْفُسِهَا وَلاَ تُنْقِذُ أَحَداً مِنْ مَظْلِمَةٍ إِذْ لاَ تَسْتَطِيعُ شَيْئاً وَإِنَّمَا هِيَ كَالْغِرْبَانِ الَّتِي بَيْنَ السَّمَاءِ وَالأَرْضِ.
6,54,"For when fire shall fall upon the house of these gods of wood, and of silver, and of gold, their priests indeed will flee away, and be saved: but they themselves shall be burnt in the midst like beams.",وَإِذَا وَقَعَتْ نَارٌ فِي بَيْتِ هذِهِ الآلِهَةِ الْمَصْنُوعَةِ مِنَ الْخَشَبِ الْمُغَشَّاةِ بِالذَّهَبِ أَوْ الْفِضَّةِ فَكَهَنَتُهَا يَفِرُّونَ وَيَنْجُونَ أَمَّا هِيَ فَتَحْتَرِقُ كَجَوَائِزِ الْبَيْتِ.
6,55,"And they cannot withstand a king and war. How then can it be supposed, or admitted that they are gods?",إِنَّهَا لاَ تُقَاوِمُ مَلِكاً وَلاَ عَدُوًّا فَكَيْفَ يَسُوغُ أَنْ تُحْسَبَ أَوْ تُعَدَّ آلِهَةً.
6,56,"Neither are these gods of wood, and of stone, and laid over with gold, and with silver, able to deliver themselves from thieves or robbers: they that are stronger than them",وَهذِهِ الآلِهَةُ الْمَصْنُوعَةُ مِنَ الْخَشَبِ الْمُغَشَّاةِ بِالْفِضَّةِ وَالذَّهَبِ لاَ تُنَجِّي أَنْفُسَهَا مِنَ السُّرَّاقِ وَلاَ اللُّصُوصِ
6,57,"Shall take from them the gold, and silver, and the raiment wherewith they are clothed, and shall go their way, neither shall they help themselves.",وَالَّذِينَ يَسْتَوْلُونَ عَلَيْهَا يَنْزِعُونَ عَنْهَا الذَّهَبَ وَالْفِضَّةَ وَالثِّيَابَ الَّتِي عَلَيْهَا وَيَذْهَبُونَ بِهَا وَهِيَ لاَ تُدَافِعُ عَنْ أَنْفُسِهَا.
6,58,"Therefore it is better to be a king that sheweth his power: or else a profitable vessel in the house, with which the owner thereof will be well satisfied: or a door in the house, to keep things safe that are therein, than such false gods.",لاَ جَرَمَ أَنَّ مَلِكاً مِنْ ذَوِي الْبَأْسِ أَوْ إِنَاءً نَافِعاً فِي الْبَيْتِ يَسْتَخْدِمُهُ مَالِكُهُ خَيْرٌ مِنْ آلِهَةِ الزُّورِ. وَبَاباً فِي الْبَيْتِ يَحْفَظُ مَا فِيهِ خَيْرٌ مِنْ آلِهَةِ الزُّورِ. وَعَمُوداً مِنَ الْخَشَبِ فِي قَصْرٍ خَيْرٌ مِنْ آلِهَةِ الزُّورِ.
6,59,"The sun, and the moon, and the stars being bright, and sent forth for profitable uses, are obedient.",إِنَّ الشَّمْسَ وَالْقَمَرَ وَالنُّجُومَ تُضِيءُ وَتُرْسَلُ لِمَنْفَعَةِ الْخَلْقِ وَتُطِيعُ مُرْسِلَهَا.
6,60,"In like manner the lightning, when it breaketh forth, is easy to be seen: and after the same manner the wind bloweth in every country.",وَكَذلِكَ الْبَرْقُ إِذَا لَمَعَ يَرُوقُ الْعَيْنَ وَالرِّيحُ تَهُبُّ فِي كُلِّ نَاحِيَةٍ.
6,61,"And the clouds when God commandeth them to go over the whole world, do that which is commanded them.",وَالسُّحُبُ يَأْمُرُهَا اللهُ أَنْ تَمُرَّ عَلَى كُلِّ الْمَسْكُونَةِ فَتَقْضِي مَا أُمِرَتْ بِهِ.
6,62,"The fire also being sent from above to consume mountains and woods, doth as it is commanded. But these neither in shew, nor in power are like to any one of them.",وَالنَّارُ الْمُرْسَلَةُ مِنْ فَوْقُ لِتُفْنِيَ الْجِبَالَ وَالْغَابَ تَفْعَلُ مَا أُوصِيَتْ بِهِ. أَمَّا تِلْكَ فَلاَ تُعْدَلُ بِهذِهِ مَنْظَراً وَلاَ قُوَّةً
6,63,"Wherefore it is neither to be thought, nor to be said, that they are gods: since they are neither able to judge causes, nor to do any good to men.",فَلاَ يَسُوغُ أَنْ تُحْسَبَ أَوْ تُسَمَّى آلِهَةً إِذْ لاَ تَسْتَطِيعُ أَنْ تُجْرِي حُكْماً أَوْ تَصْنَعَ إِحْسَاناً.
6,64,"Knowing therefore that they are not gods, fear them not.",فَإِذْ قَدْ عَلِمْتُمْ أَنَّهَا لَيْسَتْ بِآلِهَةٍ فَلاَ تَخَافُوهَا
6,65,"For neither can they curse kings, nor bless them.",فَإِنَّهَا لاَ تَلْعَنُ الْمُلُوكَ وَلاَ تُبَارِكُهُمْ
6,66,"Neither do they shew signs in the heaven to the nations, nor shine as the sun, nor give light as the moon.",وَلاَ تُبْدِي آيَاتٍ فِي الأُمَمِ وَلاَ فِي السَّمَاءِ وَلاَ تُنِيرُ كَالشَّمْسِ وَلاَ تُضِيءُ كَالْقَمَرِ.
6,67,"Beasts are better than they, which can fly under a covert, and help themselves.",الْوُحُوشُ خَيْرٌ مِنْهَا لأَنَّ فِي طَاقَتِهَا أَنْ تَهْرُبَ إِلَى مَلْجَإٍ وَتَنْفَعَ أَنْفُسَهَا.
6,68,Therefore there is no manner of appearance that they are gods: so fear them not.,وَبِالْجُمْلَةِ فَلاَ يَتَبَيَّنُ لَنَا بِوَجْهٍ مِنَ الْوُجُوهِ أَنَّهَا آلِهَةٌ فَلاَ تَخَافُوهَا.
6,69,"For as a scarecrow in a garden of cucumbers keepeth nothing, so are their gods of wood, and of silver, and laid over with gold.",مَثَلُ آلِهَتِهِمِ الْمَصْنُوعَةِ مِنَ الْخَشَبِ الْمُغَشَّاةِ بِالذَّهَبِ وَالْفِضَّةِ مَثَلُ شَخْصٍ مَنْصُوبٍ فِي مَقْثَأَةٍ لاَ يَحْرُسُ شَيْئاً.
6,70,"They are no better than a white thorn in a garden, upon which every bird sitteth. In like manner also their gods of wood, and laid over with gold, and with silver, are like to a dead body cast forth in the dark.",وَأَيْضاً مَثَلُ آلِهَتِهِمِ الْمَصْنُوعَةِ مِنَ الْخَشَبِ الْمُغَشَّاةِ بِالذَّهَبِ وَالْفِضَّةِ مَثَلُ عَوْسَجٍ فِي بُسْتَانٍ يَقَعُ عَلَيْهِ كُلُّ طَيْرٍ أَوْ مَثَلُ مَيْتٍ مَطْرُوحٍ فِي الظُّلْمَةِ.
6,71,"By the purple also and the scarlet which are motheaten upon them, you shall know that they are not gods. And they themselves at last are consumed, and shall be a reproach in the country.",وَمِنَ الأُرْجُوَانِ وَالْقِرْمِزِ اللَّذَيْنِ يَأْكُلُهُمَا الْعُثُّ عَلَيْهَا يُعْلَمُ أَنَّهَا لَيْسَتْ بِآلِهَةٍ. وَفِي آخِرِ الأَمْرِ هِيَ أَيْضاً تُؤْكَلُ وَتَصِيرُ عَاراً فِي الآفَاقِ.
6,72,Better therefore is the just man that hath no idols: for he shall be far from reproach.,إِنَّ الرَّجُلَ الصِّدِّيقَ الَّذِي لاَ صَنَمَ لَهُ أَفْضَلُ لأَنَّهُ بِمَعْزِلٍ عَنِ الْعَارِ.